id,url,owner_id,name,description,language,created_at,forked_from,deleted,updated_at,forked_commit_id
93394123,https://api.github.com/repos/SYSU-MATHZH/Dedekind-React,36143852,Dedekind-React,,,2018-03-31 23:59:57 UTC,,false,1970-01-02 00:00:00 UTC,
93394122,https://api.github.com/repos/SoulSenGaming/discordbot.py,39173317,discordbot.py,,,2018-03-31 23:59:53 UTC,,false,1970-01-02 00:00:00 UTC,
93394120,https://api.github.com/repos/Yasshxda/yasshxda,42515202,yasshxda,This is for test.,,2018-03-31 23:59:52 UTC,,false,1970-01-02 00:00:00 UTC,
93394121,https://api.github.com/repos/dammymoses/dammypurpose,42573654,dammypurpose,,,2018-03-31 23:59:51 UTC,,false,1970-01-02 00:00:00 UTC,
93394119,https://api.github.com/repos/tskynet/blog,33364256,blog,blog,,2018-03-31 23:59:43 UTC,,false,1970-01-02 00:00:00 UTC,
93394118,https://api.github.com/repos/openoakland/trashtalk-react,637869,trashtalk-react,Frontend client for Trashtalk api.,,2018-03-31 23:59:41 UTC,,false,1970-01-02 00:00:00 UTC,
93394115,https://api.github.com/repos/dsjacobson/news-scrapper,39329107,news-scrapper,,,2018-03-31 23:59:40 UTC,,false,1970-01-02 00:00:00 UTC,
93394117,https://api.github.com/repos/blackboyscode/angular-realworld-example-app,42573652,angular-realworld-example-app,Exemplary real world application built with Angular 5+,TypeScript,2018-03-31 23:59:38 UTC,63693516,false,1970-01-02 00:00:00 UTC,939681414
93394116,https://api.github.com/repos/nainapaliwal/torque,34347639,torque,Temporal mapping for CARTO,JavaScript,2018-03-31 23:59:38 UTC,1018215,false,1970-01-02 00:00:00 UTC,925293017
93394111,https://api.github.com/repos/KingOtar/no,4770434,no,,,2018-03-31 23:59:25 UTC,,false,1970-01-02 00:00:00 UTC,
93394113,https://api.github.com/repos/scott5/mlmmj-archivist,4372399,mlmmj-archivist,A shell script for creating web archives for mlmmj mailing lists,Shell,2018-03-31 23:59:24 UTC,13123765,false,1970-01-02 00:00:00 UTC,265773564
93394112,https://api.github.com/repos/zoldatoff/config,1686386,config,Configuration files,,2018-03-31 23:59:20 UTC,,false,1970-01-02 00:00:00 UTC,
93394110,https://api.github.com/repos/fitzy010/GoogleApi,13228909,GoogleApi,,,2018-03-31 23:59:20 UTC,,false,1970-01-02 00:00:00 UTC,
93394106,https://api.github.com/repos/pepon33/eso,42573629,eso,,,2018-03-31 23:59:19 UTC,,false,1970-01-02 00:00:00 UTC,
93394109,https://api.github.com/repos/error418/kriskrams.github.io,13433847,kriskrams.github.io,,CSS,2018-03-31 23:59:17 UTC,92104957,false,1970-01-02 00:00:00 UTC,962347722
93394108,https://api.github.com/repos/hackthecode/discord-spam-bot,822175,discord-spam-bot,a python based discord bot used for spamming,Python,2018-03-31 23:59:17 UTC,84369301,false,1970-01-02 00:00:00 UTC,877208790
93394107,https://api.github.com/repos/parklez/Half-Life-Backwards,36277477,Half-Life-Backwards,"BunnymodXT soft-mod for Half-Life, allowing backtracking from Interloper to Anomalous Materials",,2018-03-31 23:59:15 UTC,,false,1970-01-02 00:00:00 UTC,
93394104,https://api.github.com/repos/ZeRoPoint1/MethodsDL,12302160,MethodsDL,A collection of several useful methods I often use in my own programs.,,2018-03-31 23:59:13 UTC,92991071,false,1970-01-02 00:00:00 UTC,962366968
93394103,https://api.github.com/repos/jasonfigueroa/SMS-API,24591441,SMS-API,,,2018-03-31 23:59:13 UTC,,false,1970-01-02 00:00:00 UTC,
93394102,https://api.github.com/repos/KingOtar/wtf,4770434,wtf,,,2018-03-31 23:59:11 UTC,,false,1970-01-02 00:00:00 UTC,
93394105,https://api.github.com/repos/jessiheger/temperature-converter-dom,34779771,temperature-converter-dom,"[javascript, dom]",HTML,2018-03-31 23:59:08 UTC,31249480,false,1970-01-02 00:00:00 UTC,481287240
93394101,https://api.github.com/repos/mjmeli/lambda_again_designer,4114766,lambda_again_designer,,,2018-03-31 23:59:01 UTC,,false,1970-01-02 00:00:00 UTC,
93394098,https://api.github.com/repos/JamesMoralesMoreno/Taller3,42573645,Taller3,,,2018-03-31 23:58:56 UTC,,false,1970-01-02 00:00:00 UTC,
93394097,https://api.github.com/repos/AReid987/sinatra-dynamic-routes-codealong-v-000,37309889,sinatra-dynamic-routes-codealong-v-000,,Ruby,2018-03-31 23:58:53 UTC,30408945,false,1970-01-02 00:00:00 UTC,884003546
93394099,https://api.github.com/repos/ImperiousCaesar/FFmpeg,3665936,FFmpeg,mirror of git://source.ffmpeg.org/ffmpeg.git,,2018-03-31 23:58:53 UTC,788,false,1970-01-02 00:00:00 UTC,
93394094,https://api.github.com/repos/Tekkatron/tekkatron.git.io,33736354,tekkatron.git.io,,,2018-03-31 23:58:48 UTC,,false,1970-01-02 00:00:00 UTC,
93394095,https://api.github.com/repos/kenkitchen/docker-owncloud,3662824,docker-owncloud,Docker Compose for Owncloud,,2018-03-31 23:58:47 UTC,,false,1970-01-02 00:00:00 UTC,
93394096,https://api.github.com/repos/rohan2393/test,42573644,test,This is a test for MD,,2018-03-31 23:58:46 UTC,,false,1970-01-02 00:00:00 UTC,
93394093,https://api.github.com/repos/coryshort/Raspberry-Sim,35378150,Raspberry-Sim,Opensim for Raspberry Pi 3 version 1,,2018-03-31 23:58:44 UTC,38324968,false,1970-01-02 00:00:00 UTC,458705261
93394092,https://api.github.com/repos/B1gjake1/PicoFirmyBagel,35415945,PicoFirmyBagel,pico firmy bagel,,2018-03-31 23:58:42 UTC,,false,1970-01-02 00:00:00 UTC,
93394086,https://api.github.com/repos/LYCrachel/diaspora,39554961,diaspora,"A privacy-aware, distributed, open source social network.",,2018-03-31 23:58:38 UTC,2812,false,1970-01-02 00:00:00 UTC,955978183
93394087,https://api.github.com/repos/DiWillian/ASP.NET-MVC,42573641,ASP.NET-MVC,,,2018-03-31 23:58:37 UTC,,false,1970-01-02 00:00:00 UTC,
93394085,https://api.github.com/repos/visokoo/scrabble_solver,8550298,scrabble_solver,,,2018-03-31 23:58:37 UTC,,false,1970-01-02 00:00:00 UTC,
93394091,https://api.github.com/repos/Pythjava/Sickdude,42573642,Sickdude,Cool dude,,2018-03-31 23:58:36 UTC,,false,1970-01-02 00:00:00 UTC,
93394089,https://api.github.com/repos/symfony-flex-demo/easyadmin,42403785,easyadmin,,,2018-03-31 23:58:36 UTC,,false,1970-01-02 00:00:00 UTC,
93394090,https://api.github.com/repos/Piyotr-K/lab09FrontEnd,31397948,lab09FrontEnd,,PHP,2018-03-31 23:58:35 UTC,93089488,false,1970-01-02 00:00:00 UTC,962388196
93394088,https://api.github.com/repos/cck-dave/Ressources,42486991,Ressources,,,2018-03-31 23:58:35 UTC,,false,1970-01-02 00:00:00 UTC,
93394083,https://api.github.com/repos/RPeach/blockly,9065302,blockly,The web-based visual programming editor.,JavaScript,2018-03-31 23:58:31 UTC,6075127,false,1970-01-02 00:00:00 UTC,939832360
93394081,https://api.github.com/repos/sylmoss/mossstore,10786609,mossstore,Solidus e-commerce training,,2018-03-31 23:58:31 UTC,,false,1970-01-02 00:00:00 UTC,
93394080,https://api.github.com/repos/MrShanx/resume-submission-web,41475904,resume-submission-web,HTML coding challenge,,2018-03-31 23:58:30 UTC,,false,1970-01-02 00:00:00 UTC,
93394084,https://api.github.com/repos/Billiontix/MTZExplorer,42571285,MTZExplorer,Mail Three Zero Block Explorer,,2018-03-31 23:58:30 UTC,,false,1970-01-02 00:00:00 UTC,
93394076,https://api.github.com/repos/zhaopw0411/bokeh,37569195,bokeh,Interactive Web Plotting for Python,,2018-03-31 23:58:27 UTC,12752080,false,1970-01-02 00:00:00 UTC,962312485
93394077,https://api.github.com/repos/rohit497/dm_control,10924726,dm_control,The DeepMind Control Suite and Package,Python,2018-03-31 23:58:25 UTC,84256460,false,1970-01-02 00:00:00 UTC,899575432
93394079,https://api.github.com/repos/radioation/eyesDx,3782687,eyesDx,Examples for communicating with EyesDx software,,2018-03-31 23:58:24 UTC,,false,1970-01-02 00:00:00 UTC,
93394078,https://api.github.com/repos/nhy520/moby,2249110,moby,Moby Project - a collaborative project for the container ecosystem to assemble container-based systems,,2018-03-31 23:58:23 UTC,62663911,false,1970-01-02 00:00:00 UTC,961394409
93394075,https://api.github.com/repos/oppytut/validator.js,41705791,validator.js,String validation,JavaScript,2018-03-31 23:58:20 UTC,7431468,false,1970-01-02 00:00:00 UTC,922082202
93394071,https://api.github.com/repos/tanelam/building-forms-lab-web-010818,37504788,building-forms-lab-web-010818,,,2018-03-31 23:58:16 UTC,93103271,false,1970-01-02 00:00:00 UTC,924652285
93394073,https://api.github.com/repos/archemiro/pichoy,39601005,pichoy,Precio interno del café en Colombia,,2018-03-31 23:58:16 UTC,,false,1970-01-02 00:00:00 UTC,
93394072,https://api.github.com/repos/Vasanthkesavan/redux-store,33245822,redux-store,Vanilla TypeScript example of a Redux Store,TypeScript,2018-03-31 23:58:16 UTC,80351459,false,1970-01-02 00:00:00 UTC,917738086
93394074,https://api.github.com/repos/JeffCousineau/SlackSpeaker,11682734,SlackSpeaker,Read your slack messages outloud,,2018-03-31 23:58:15 UTC,,false,1970-01-02 00:00:00 UTC,
93394069,https://api.github.com/repos/kamilash/learning-elixir,4447018,learning-elixir,Playground for learning Elixir :),,2018-03-31 23:58:07 UTC,,false,1970-01-02 00:00:00 UTC,
93394070,https://api.github.com/repos/jackiepareja/pathfinder-database,37603879,pathfinder-database,,,2018-03-31 23:58:07 UTC,,false,1970-01-02 00:00:00 UTC,
93394065,https://api.github.com/repos/oooo723/VipVideo,43117,VipVideo,各大网站vip视频免费观看 腾讯、爱奇艺、优酷、乐视、芒果等 Mac版。付费电影，VIP会员剧等，去广告播放,,2018-03-31 23:58:03 UTC,92192989,false,1970-01-02 00:00:00 UTC,960953223
93394064,https://api.github.com/repos/mjmeli/style_bless_whether,4114766,style_bless_whether,,,2018-03-31 23:58:02 UTC,,false,1970-01-02 00:00:00 UTC,
93394067,https://api.github.com/repos/bubeqwerty/alerts-and-pickers,12311716,alerts-and-pickers,"Advanced usage of UIAlertController and pickers based on it: Telegram, Contacts, Location, PhotoLibrary, Country, Phone Code, Currency, Date...",Swift,2018-03-31 23:58:00 UTC,87302952,false,1970-01-02 00:00:00 UTC,904217881
93394060,https://api.github.com/repos/codehopes/hello,42548397,hello,,,2018-03-31 23:57:51 UTC,,false,1970-01-02 00:00:00 UTC,
93394061,https://api.github.com/repos/TheChanRProject/deep-learning,35445370,deep-learning,Repo for the Deep Learning Nanodegree Foundations program.,Jupyter Notebook,2018-03-31 23:57:50 UTC,55936096,false,1970-01-02 00:00:00 UTC,959555044
93394062,https://api.github.com/repos/qwertik17/smart-grid,12120308,smart-grid,SmartGrid project.,JavaScript,2018-03-31 23:57:48 UTC,54281817,false,1970-01-02 00:00:00 UTC,837051309
93394058,https://api.github.com/repos/ericlee0112/LSA-search-engine,33164437,LSA-search-engine,Search engine implementing NLP techniques such as Latent Sematic Analysis and tf-idf analysis,,2018-03-31 23:57:47 UTC,,false,1970-01-02 00:00:00 UTC,
93394057,https://api.github.com/repos/XTerminator4tw/SmartThingsPublic,42573639,SmartThingsPublic,SmartThings open-source DeviceTypeHandlers and SmartApps code,,2018-03-31 23:57:43 UTC,9626217,false,1970-01-02 00:00:00 UTC,
93394054,https://api.github.com/repos/kalyanghosh/Face-Detection-using-CNN,34708114,Face-Detection-using-CNN,"This repository contains code base for an end to end implementation of a project titled ""Face Detection using CNN"" ",,2018-03-31 23:57:40 UTC,,false,1970-01-02 00:00:00 UTC,
93394055,https://api.github.com/repos/Vibhuti35/MineSweeperGame,42530028,MineSweeperGame,,,2018-03-31 23:57:38 UTC,,false,1970-01-02 00:00:00 UTC,
93394056,https://api.github.com/repos/jj151/Python-Challenges,41853778,Python-Challenges,"Repository of some programming challenges. ",Python,2018-03-31 23:57:37 UTC,92127511,false,1970-01-02 00:00:00 UTC,952316366
93394052,https://api.github.com/repos/sriharivishnu/loginWithFirebase,42516132,loginWithFirebase,Sample Application using authentication from firebase.,,2018-03-31 23:57:33 UTC,,false,1970-01-02 00:00:00 UTC,
93394053,https://api.github.com/repos/elena-roshchina/moleskine-cpsmi,42573635,moleskine-cpsmi,Training task for students of the CPSMI courses (2018). Graphical application for storing records about contacts in the XML file.,,2018-03-31 23:57:31 UTC,,false,1970-01-02 00:00:00 UTC,
93394047,https://api.github.com/repos/jakemcdermott/numpy,6965772,numpy,Numpy main repository,,2018-03-31 23:57:30 UTC,6013,false,1970-01-02 00:00:00 UTC,962082987
93394051,https://api.github.com/repos/jyjang55/naivechain,42401202,naivechain,A blockchain implementation in 200 lines of code,JavaScript,2018-03-31 23:57:30 UTC,47944781,false,1970-01-02 00:00:00 UTC,903061914
93394046,https://api.github.com/repos/kaczordon/React-Clone,11965306,React-Clone,A simple clone of React,,2018-03-31 23:57:29 UTC,,false,1970-01-02 00:00:00 UTC,
93394050,https://api.github.com/repos/rodrigowbazevedo/profile-image,3304238,profile-image,,,2018-03-31 23:57:28 UTC,,false,1970-01-02 00:00:00 UTC,
93394045,https://api.github.com/repos/gabrielgoliveira/tap,31027748,tap,treinos da disciplina topicos avançados de programação iv,,2018-03-31 23:57:28 UTC,,false,1970-01-02 00:00:00 UTC,
93394049,https://api.github.com/repos/rekursed/vue-symfony4-playground,701690,vue-symfony4-playground,,,2018-03-31 23:57:26 UTC,,false,1970-01-02 00:00:00 UTC,
93394048,https://api.github.com/repos/saveroo/botCommander,3455629,botCommander,JS library for parsing commands from interactive interfaces (chats),JavaScript,2018-03-31 23:57:25 UTC,59613773,false,1970-01-02 00:00:00 UTC,874602734
93394043,https://api.github.com/repos/ChristopherALee/node-express-practice,39109303,node-express-practice,,,2018-03-31 23:57:22 UTC,,false,1970-01-02 00:00:00 UTC,
93394044,https://api.github.com/repos/ViniciusmDias/bootstrap,36387295,bootstrap,"Tradução da documentação em Português Brasil do mais popular framework HTML, CSS, e JavaScript para desenvolvimento responsivo e projetos mobile first na web.",CSS,2018-03-31 23:57:20 UTC,17735615,false,1970-01-02 00:00:00 UTC,509734353
93394040,https://api.github.com/repos/mscandizzo/CS-Wiki,12059063,CS-Wiki,Lambda School CS Wiki,Makefile,2018-03-31 23:57:17 UTC,83070678,false,1970-01-02 00:00:00 UTC,864252317
93394041,https://api.github.com/repos/sliu2200899/tomatols_gitlab_test,24792016,tomatols_gitlab_test,test project for gitlab and kubenetes,,2018-03-31 23:57:16 UTC,,false,1970-01-02 00:00:00 UTC,
93394042,https://api.github.com/repos/Munter/tap-spot,5731,tap-spot,Compact dot reporter for TAP output. Supports skip and todo,,2018-03-31 23:57:16 UTC,,false,1970-01-02 00:00:00 UTC,
93394038,https://api.github.com/repos/liw71/DL-text,31847838,DL-text,"Text pre-processing modules for deep learning (Keras, tensorflow).",Python,2018-03-31 23:57:12 UTC,93355598,false,1970-01-02 00:00:00 UTC,962070428
93394037,https://api.github.com/repos/albertojigar/devops,11417153,devops,,,2018-03-31 23:57:10 UTC,,false,1970-01-02 00:00:00 UTC,
93394033,https://api.github.com/repos/JuanJoseEsc/Taller-3-Seminario,42573628,Taller-3-Seminario,,,2018-03-31 23:57:07 UTC,,false,1970-01-02 00:00:00 UTC,
93394035,https://api.github.com/repos/kevmart5/androidProject,34251555,androidProject,First adroid project,,2018-03-31 23:57:02 UTC,,false,1970-01-02 00:00:00 UTC,
93394034,https://api.github.com/repos/pepon33/https-qDazUq7jc7q65dr4pbU6-repo.fury.io-pepon80-,42573629,https-qDazUq7jc7q65dr4pbU6-repo.fury.io-pepon80-,,,2018-03-31 23:57:02 UTC,,false,1970-01-02 00:00:00 UTC,
93394036,https://api.github.com/repos/mjmeli/excludes_manage_awesome,4114766,excludes_manage_awesome,,,2018-03-31 23:57:02 UTC,,false,1970-01-02 00:00:00 UTC,
93394031,https://api.github.com/repos/bhunting/WeatherStationESP32,2168534,WeatherStationESP32,Weather Station Using ESP32,C++,2018-03-31 23:56:59 UTC,89876994,false,1970-01-02 00:00:00 UTC,962387548
93394032,https://api.github.com/repos/antoniogomezr/angular-node-creditscore,42511742,angular-node-creditscore,creditscore REST service + Angular client,HTML,2018-03-31 23:56:57 UTC,80534850,false,1970-01-02 00:00:00 UTC,954611308
93394030,https://api.github.com/repos/namdz911/test-repo1,42573566,test-repo1,this is another test.,,2018-03-31 23:56:57 UTC,,false,1970-01-02 00:00:00 UTC,
93394027,https://api.github.com/repos/annypineda/cpython,37541334,cpython,The Python programming language,,2018-03-31 23:56:54 UTC,5524547,false,1970-01-02 00:00:00 UTC,
93394028,https://api.github.com/repos/peterklein/blogpost-upload-express-knex,135965,blogpost-upload-express-knex,código dessa postagem aqui,JavaScript,2018-03-31 23:56:54 UTC,44902368,false,1970-01-02 00:00:00 UTC,505477143
93394025,https://api.github.com/repos/OlegSomov/loraDS,32408817,loraDS,location study,,2018-03-31 23:56:50 UTC,,false,1970-01-02 00:00:00 UTC,
93394029,https://api.github.com/repos/Xarddrax/TargetController,12411273,TargetController,,,2018-03-31 23:56:50 UTC,,false,1970-01-02 00:00:00 UTC,
93394024,https://api.github.com/repos/hammeron-art/haxeui-core,5163544,haxeui-core,"The core library of the HaxeUI framework - ",JavaScript,2018-03-31 23:56:47 UTC,30922983,false,1970-01-02 00:00:00 UTC,928207461
93394023,https://api.github.com/repos/antonputra/escore,6363461,escore,"Python SDK for the VMware vSphere API that allows you to manage ESX, ESXi, and vCenter, based on pyVmomi.",,2018-03-31 23:56:46 UTC,,false,1970-01-02 00:00:00 UTC,
93394021,https://api.github.com/repos/joelengt/js-stack-from-scratch,8870223,js-stack-from-scratch,????️⚡ Step-by-step tutorial to build a modern JavaScript stack.,JavaScript,2018-03-31 23:56:42 UTC,48117887,false,1970-01-02 00:00:00 UTC,793811168
93394022,https://api.github.com/repos/namdz911/test-repo2,42573566,test-repo2,this is another test.,,2018-03-31 23:56:41 UTC,,false,1970-01-02 00:00:00 UTC,
93394017,https://api.github.com/repos/Cupcak3/WinLossApp,31372277,WinLossApp,I dunno,,2018-03-31 23:56:35 UTC,,false,1970-01-02 00:00:00 UTC,
93394019,https://api.github.com/repos/PikyCZ/MultiChat,13641642,MultiChat,MultiChat plugin for Nukkit,Java,2018-03-31 23:56:35 UTC,84086671,false,1970-01-02 00:00:00 UTC,889232778
93394020,https://api.github.com/repos/rashmeet-kha-9982/snake-ai-reinforcement,38425377,snake-ai-reinforcement,AI for Snake game trained from pixels using Deep Reinforcement Learning (DQN).,Python,2018-03-31 23:56:33 UTC,61810124,false,1970-01-02 00:00:00 UTC,666216468
93394018,https://api.github.com/repos/AlexMcArdle/CustomTraffic,7850603,CustomTraffic,Enigma Traffic for Arma 3,,2018-03-31 23:56:33 UTC,,false,1970-01-02 00:00:00 UTC,
93394015,https://api.github.com/repos/direwolf-github/my-app-fe036a4b,6869878,my-app-fe036a4b,,,2018-03-31 23:56:29 UTC,,false,1970-01-02 00:00:00 UTC,
93394014,https://api.github.com/repos/katyachula/Lina_Galvis,41279668,Lina_Galvis,Prueba_Lina,HTML,2018-03-31 23:56:28 UTC,93392054,false,1970-01-02 00:00:00 UTC,962378685
93394016,https://api.github.com/repos/ismnoiet/react-native-material-kit,4713940,react-native-material-kit,Bringing Material Design to React Native,JavaScript,2018-03-31 23:56:26 UTC,21971064,false,1970-01-02 00:00:00 UTC,946500198
93394013,https://api.github.com/repos/direwolf-github/my-app-aa2b7f77,6869878,my-app-aa2b7f77,,,2018-03-31 23:56:26 UTC,,false,1970-01-02 00:00:00 UTC,
93394012,https://api.github.com/repos/IvanRi/api_rest,36260482,api_rest,,,2018-03-31 23:56:24 UTC,,false,1970-01-02 00:00:00 UTC,
93394011,https://api.github.com/repos/gitcarlosandrade/keyboard,7239103,keyboard,,,2018-03-31 23:56:23 UTC,,false,1970-01-02 00:00:00 UTC,
93394008,https://api.github.com/repos/malstor/newman,9312188,newman,"When you control the mail, you control...information.",,2018-03-31 23:56:20 UTC,14179606,false,1970-01-02 00:00:00 UTC,453028704
93394007,https://api.github.com/repos/MrShanx/resume-submission,41475904,resume-submission,html website coding challenge,,2018-03-31 23:56:19 UTC,,false,1970-01-02 00:00:00 UTC,
93394009,https://api.github.com/repos/aliberkhsl/numpy,41074824,numpy,Fork of numpy/numpy,,2018-03-31 23:56:17 UTC,69556,false,1970-01-02 00:00:00 UTC,941399137
93394010,https://api.github.com/repos/Elmir1234789/Elll,42573622,Elll,,,2018-03-31 23:56:14 UTC,,false,1970-01-02 00:00:00 UTC,
93394005,https://api.github.com/repos/sligamer/VirtualFish,38124554,VirtualFish,,,2018-03-31 23:56:09 UTC,,false,1970-01-02 00:00:00 UTC,
93394006,https://api.github.com/repos/alvaci/-nalv-http-addons,38756406,-nalv-http-addons,Complementos para un servidor HTTP que ocupa el paquete @nalv/router.,,2018-03-31 23:56:08 UTC,,false,1970-01-02 00:00:00 UTC,
93394002,https://api.github.com/repos/sunilravula/IntellijDemo,42517705,IntellijDemo,,,2018-03-31 23:56:07 UTC,,false,1970-01-02 00:00:00 UTC,
93394001,https://api.github.com/repos/olimata/collaboration,41946673,collaboration,,,2018-03-31 23:56:06 UTC,,false,1970-01-02 00:00:00 UTC,
93394003,https://api.github.com/repos/ahriad/is-thirteen,14175158,is-thirteen,Check if a number is equal to 13.,JavaScript,2018-03-31 23:56:03 UTC,33937524,false,1970-01-02 00:00:00 UTC,961180113
93394004,https://api.github.com/repos/TimothyPritchett/gpgpu-sim_distribution,32040073,gpgpu-sim_distribution," GPGPU-Sim provides a detailed simulation model of a contemporary GPU running CUDA and/or OpenCL workloads and now includes an integrated (and validated) energy model, GPUWattch.",C++,2018-03-31 23:56:02 UTC,11289426,false,1970-01-02 00:00:00 UTC,212225636
93393996,https://api.github.com/repos/mjmeli/filter_missing_registry,4114766,filter_missing_registry,,,2018-03-31 23:56:01 UTC,,false,1970-01-02 00:00:00 UTC,
93393998,https://api.github.com/repos/ethicalhack4r/OSCPRepo,41614848,OSCPRepo,"A list of commands, scripts, resources, and more that I have gathered and attempted to consolidate for use as OSCP study material. Commands in 'Usefulcommands' Keepnote. Bookmarks and reading material in 'BookmarkList' Keepnote. Reconscan in scripts folde",,2018-03-31 23:56:00 UTC,80122135,false,1970-01-02 00:00:00 UTC,962352836
93394000,https://api.github.com/repos/Danielifg/meal_planer,19179547,meal_planer,init redux-react development,,2018-03-31 23:55:59 UTC,,false,1970-01-02 00:00:00 UTC,
93393994,https://api.github.com/repos/eric54205420/interview,13367439,interview,Interview questions,Java,2018-03-31 23:55:54 UTC,10926776,false,1970-01-02 00:00:00 UTC,836286182
93393991,https://api.github.com/repos/WiseCoinDev1/one,42429203,one,,,2018-03-31 23:55:53 UTC,,false,1970-01-02 00:00:00 UTC,
93393990,https://api.github.com/repos/sguzman/HtmlCondenser,3403520,HtmlCondenser,"While working on a web scraping project, I ran into issues when caching HTTP responses. The html was not minified and contained superfluous nodes such as <script> and <style>. This project is an attempt to make HTML documents more cacheable friendly",,2018-03-31 23:55:53 UTC,,false,1970-01-02 00:00:00 UTC,
93393992,https://api.github.com/repos/BigUncleYemi/coding-interview-university,36999811,coding-interview-university,A complete computer science study plan to become a software engineer.,,2018-03-31 23:55:52 UTC,86376574,false,1970-01-02 00:00:00 UTC,868893510
93393993,https://api.github.com/repos/shakedme/simple_CRUD_MERN_stack,39266838,simple_CRUD_MERN_stack,"Simple crud app built with MongoDB, Express, ReactJS and NodeJS.",,2018-03-31 23:55:51 UTC,,false,1970-01-02 00:00:00 UTC,
93393997,https://api.github.com/repos/rootkit/faceCapture,1029444,faceCapture,an Android app kind like Facerig(but simpler),Java,2018-03-31 23:55:49 UTC,66775974,false,1970-01-02 00:00:00 UTC,724758082
93393995,https://api.github.com/repos/luisangelorjr/EstudosSobre-Markdown,31071630,EstudosSobre-Markdown,"#EstudosSobre é uma série de repositórios focados no estudo de algum código (nativo, framework, etc)",,2018-03-31 23:55:49 UTC,,false,1970-01-02 00:00:00 UTC,
93393989,https://api.github.com/repos/diegocassandri/spring-angularjs-datapar,13140006,spring-angularjs-datapar,Projetos do curso de Spring/AngularJS na Datapar SA - Ciudad del Este - PY - Set/Out/Nov/2015,,2018-03-31 23:55:48 UTC,27137904,false,1970-01-02 00:00:00 UTC,382718892
93393987,https://api.github.com/repos/zcpengz/test02,42573592,test02,test,,2018-03-31 23:55:48 UTC,,false,1970-01-02 00:00:00 UTC,
93393983,https://api.github.com/repos/PhysRex/bubble-chat-backend,33177791,bubble-chat-backend,an online chat server,,2018-03-31 23:55:42 UTC,,false,1970-01-02 00:00:00 UTC,
93393984,https://api.github.com/repos/Ghini/ghini.album,11149657,ghini.album,viewer for taxonomic collection,,2018-03-31 23:55:41 UTC,,false,1970-01-02 00:00:00 UTC,
93393985,https://api.github.com/repos/C0dak/pyt,30429089,pyt,A Static Analysis Tool for Detecting Security Vulnerabilities in Python Web Applications,Python,2018-03-31 23:55:39 UTC,49291317,false,1970-01-02 00:00:00 UTC,959721610
93393986,https://api.github.com/repos/herrickz/django-polls-app,7864002,django-polls-app,,,2018-03-31 23:55:39 UTC,,false,1970-01-02 00:00:00 UTC,
93393982,https://api.github.com/repos/veronica1134/ProjectFootballAware,35860983,ProjectFootballAware,Proyecto 2 de Cómputo Móvil ITSON,,2018-03-31 23:55:38 UTC,93329183,false,1970-01-02 00:00:00 UTC,962386927
93393981,https://api.github.com/repos/rdsubhas/prometheus-es-adapter,470549,prometheus-es-adapter,Prometheus remote storage adapter for Elasticsearch,Go,2018-03-31 23:55:36 UTC,81901765,false,1970-01-02 00:00:00 UTC,927733127
93393978,https://api.github.com/repos/LukeMizuhashi/hi-dr-grace,8422199,hi-dr-grace,A repo to store code I'm helping Dr. Grace with,,2018-03-31 23:55:31 UTC,,false,1970-01-02 00:00:00 UTC,
93393980,https://api.github.com/repos/danilocgraciano/angular,8387996,angular,One framework. Mobile & desktop.,,2018-03-31 23:55:31 UTC,12159636,false,1970-01-02 00:00:00 UTC,
93393979,https://api.github.com/repos/Linisac/Mathematical-Logic,39677861,Mathematical-Logic,"The textbook Mathematical Logic by H.-D. Ebbhinghaus, J. Flum and W. Thomas",,2018-03-31 23:55:29 UTC,,false,1970-01-02 00:00:00 UTC,
93393977,https://api.github.com/repos/Kektorus/My-Game,42572097,My-Game,"A repository created for me to note mostly my ideas on a game I want to make. Others can suggest ideas too, if they're interested.",,2018-03-31 23:55:20 UTC,,false,1970-01-02 00:00:00 UTC,
93393967,https://api.github.com/repos/laurenfv/LIRI-app,31617453,LIRI-app,,,2018-03-31 23:55:15 UTC,,false,1970-01-02 00:00:00 UTC,
93393969,https://api.github.com/repos/michaelhollinger/Kattis---Secret-Chamber,40747243,Kattis---Secret-Chamber,"Java solution for the Kattis ""Secret Chamber"" problem.",,2018-03-31 23:55:15 UTC,,false,1970-01-02 00:00:00 UTC,
93393968,https://api.github.com/repos/jlamiell/handson-ml,7752402,handson-ml,A series of Jupyter notebooks that walk you through the fundamentals of Machine Learning and Deep Learning in python using Scikit-Learn and TensorFlow.,,2018-03-31 23:55:15 UTC,41304570,false,1970-01-02 00:00:00 UTC,955885213
93393972,https://api.github.com/repos/danhuixie/CNN-for-single-channel-speech-enhancement,32781647,CNN-for-single-channel-speech-enhancement,Convolutional neural nets for single channel speech enhancement,Python,2018-03-31 23:55:14 UTC,71028270,false,1970-01-02 00:00:00 UTC,752822481
93393973,https://api.github.com/repos/raghu999/Hygieia,8360541,Hygieia,CapitalOne  DevOps Dashboard,,2018-03-31 23:55:14 UTC,18740233,false,1970-01-02 00:00:00 UTC,960226756
93393970,https://api.github.com/repos/dmodlin01/WebApplication,41488520,WebApplication,"ASP.NET routing, Entity Framework 6 and Web API samples",,2018-03-31 23:55:12 UTC,,false,1970-01-02 00:00:00 UTC,
93393971,https://api.github.com/repos/thelimitd/jekyll-theme-prologue,42184874,jekyll-theme-prologue,"A Jekyll version of the ""Prologue"" theme by HTML5 UP",CSS,2018-03-31 23:55:11 UTC,84875442,false,1970-01-02 00:00:00 UTC,908957158
93393974,https://api.github.com/repos/Padellus/Section_03,42573619,Section_03,,,2018-03-31 23:55:11 UTC,,false,1970-01-02 00:00:00 UTC,
93393975,https://api.github.com/repos/Bcode13/My-Coding-Project,42573620,My-Coding-Project,,,2018-03-31 23:55:10 UTC,,false,1970-01-02 00:00:00 UTC,
93393963,https://api.github.com/repos/cemizm/smartmirror.api,8071245,smartmirror.api,,,2018-03-31 23:55:01 UTC,,false,1970-01-02 00:00:00 UTC,
93393964,https://api.github.com/repos/mjmeli/amazon_reset_until,4114766,amazon_reset_until,,,2018-03-31 23:55:01 UTC,,false,1970-01-02 00:00:00 UTC,
93393966,https://api.github.com/repos/RJBansal/RajatBansalPortfolio,33302023,RajatBansalPortfolio,,,2018-03-31 23:55:00 UTC,,false,1970-01-02 00:00:00 UTC,
93393960,https://api.github.com/repos/reneantoniotg/ott,42573615,ott,ottplayer m3u personal list,,2018-03-31 23:54:49 UTC,,false,1970-01-02 00:00:00 UTC,
93393959,https://api.github.com/repos/Shamancode/OS_Lab1,16646826,OS_Lab1,,Java,2018-03-31 23:54:47 UTC,11761375,false,1970-01-02 00:00:00 UTC,166427414
93393962,https://api.github.com/repos/ahmed100553/darkflow,40516304,darkflow,"Translate darknet to tensorflow. Load trained weights, retrain/fine-tune using tensorflow, export constant graph def to mobile devices",Python,2018-03-31 23:54:47 UTC,51938292,false,1970-01-02 00:00:00 UTC,955502593
93393961,https://api.github.com/repos/nunhes/appderma,275127,appderma,Appderma Storefront Child Theme,CSS,2018-03-31 23:54:47 UTC,58803433,false,1970-01-02 00:00:00 UTC,678727326
93393957,https://api.github.com/repos/drtorq/steampunk_gauge7x2,6114174,steampunk_gauge7x2,,,2018-03-31 23:54:45 UTC,,false,1970-01-02 00:00:00 UTC,
93393958,https://api.github.com/repos/EllenMBlack/smartthings,35850039,smartthings,,,2018-03-31 23:54:44 UTC,,false,1970-01-02 00:00:00 UTC,
93393954,https://api.github.com/repos/cryptonbarton/dawns-light,42573611,dawns-light,creating a new light from today's technology,,2018-03-31 23:54:40 UTC,,false,1970-01-02 00:00:00 UTC,
93393956,https://api.github.com/repos/wesleykads/dctb-utfpr-2018-1,38594174,dctb-utfpr-2018-1,"Repositório para organizar os materiais e entregas das disciplinas ministradas pelo Prof. Diogo Cezar, na UTFPR-CP em 2018/01.",Java,2018-03-31 23:54:36 UTC,82731939,false,1970-01-02 00:00:00 UTC,961990441
93393953,https://api.github.com/repos/dcronin05/htmlDocs,42535679,htmlDocs,,HTML,2018-03-31 23:54:36 UTC,,false,1970-01-02 00:00:00 UTC,
93393955,https://api.github.com/repos/NicolaAlmeida/IMC-Diabesidade,42573612,IMC-Diabesidade,,,2018-03-31 23:54:35 UTC,,false,1970-01-02 00:00:00 UTC,
93393952,https://api.github.com/repos/taylanken/1756b5de-b714-4e92-bb7f-8a855bf97c60,37358316,1756b5de-b714-4e92-bb7f-8a855bf97c60,,,2018-03-31 23:54:30 UTC,,false,1970-01-02 00:00:00 UTC,
93393950,https://api.github.com/repos/hulkco/phatsniffer,10938504,phatsniffer,Raspberry Pi + ESP8266 pHAT WiFi sniffer,Python,2018-03-31 23:54:25 UTC,61298870,false,1970-01-02 00:00:00 UTC,771139276
93393951,https://api.github.com/repos/kathdovi/WholesomeHacks,42573610,WholesomeHacks,wholesome hacks project,HTML,2018-03-31 23:54:25 UTC,93390688,false,1970-01-02 00:00:00 UTC,962383453
93393946,https://api.github.com/repos/jffernan/ror-my-restaurant-review,35367455,ror-my-restaurant-review,,,2018-03-31 23:54:24 UTC,,false,1970-01-02 00:00:00 UTC,
93393947,https://api.github.com/repos/JoheLNzN/DerramaMagisterial,31083617,DerramaMagisterial,Modelado,,2018-03-31 23:54:24 UTC,,false,1970-01-02 00:00:00 UTC,
93393948,https://api.github.com/repos/Senkumar/deeplearnbrain,2740035,deeplearnbrain,Deep learning sample project that detect a color is lighter or darker using nodejs,,2018-03-31 23:54:24 UTC,,false,1970-01-02 00:00:00 UTC,
93393944,https://api.github.com/repos/x-cimo/ZFSin,2027042,ZFSin,OpenZFS ports,,2018-03-31 23:54:23 UTC,79847959,false,1970-01-02 00:00:00 UTC,937762251
93393945,https://api.github.com/repos/mhood76/datasharing,42019167,datasharing,"The Leek group guide to data sharing ",,2018-03-31 23:54:19 UTC,6289174,false,1970-01-02 00:00:00 UTC,552223143
93393942,https://api.github.com/repos/bklcross/Project3,39035252,Project3,,,2018-03-31 23:54:14 UTC,,false,1970-01-02 00:00:00 UTC,
93393943,https://api.github.com/repos/wangyoutcai/UnityCsReference,6522571,UnityCsReference,Unity C# reference source code,,2018-03-31 23:54:12 UTC,92553477,false,1970-01-02 00:00:00 UTC,961128410
93393941,https://api.github.com/repos/khadirsalh/jquery,42573088,jquery,jQuery JavaScript Library,JavaScript,2018-03-31 23:54:07 UTC,6313,false,1970-01-02 00:00:00 UTC,955623908
93393939,https://api.github.com/repos/ThomasPe/YAGP,2351169,YAGP,"""Yet Another GEDCOM Parser"" - newer/faster/complete GEDCOM parser in C#",,2018-03-31 23:54:04 UTC,16061617,false,1970-01-02 00:00:00 UTC,962370762
93393940,https://api.github.com/repos/arowshan/serverless-workshop,6736125,serverless-workshop,,JavaScript,2018-03-31 23:54:04 UTC,37163941,false,1970-01-02 00:00:00 UTC,886194452
93393937,https://api.github.com/repos/mjmeli/mailbox_enemy_class,4114766,mailbox_enemy_class,,,2018-03-31 23:54:02 UTC,,false,1970-01-02 00:00:00 UTC,
93393935,https://api.github.com/repos/mikeperalta1/quiz-maker,35093654,quiz-maker,,,2018-03-31 23:53:58 UTC,,false,1970-01-02 00:00:00 UTC,
93393932,https://api.github.com/repos/mmitchell413/komplete.js,6109461,komplete.js,,,2018-03-31 23:53:57 UTC,,false,1970-01-02 00:00:00 UTC,
93393933,https://api.github.com/repos/p1g1/starter-web,33889898,starter-web,Simple starting point website project based upon Initializr,HTML,2018-03-31 23:53:57 UTC,13077198,false,1970-01-02 00:00:00 UTC,312380148
93393936,https://api.github.com/repos/glgraca/Hodgepodge,37541188,Hodgepodge,Celular Automata from images,,2018-03-31 23:53:55 UTC,,false,1970-01-02 00:00:00 UTC,
93393934,https://api.github.com/repos/t0mac0/tiny-AES-c,3454588,tiny-AES-c,Small portable AES128/192/256 in C,C,2018-03-31 23:53:55 UTC,72261561,false,1970-01-02 00:00:00 UTC,952292663
93393929,https://api.github.com/repos/hkmehesh/Hello-World-,42573608,Hello-World-,,,2018-03-31 23:53:54 UTC,,false,1970-01-02 00:00:00 UTC,
93393930,https://api.github.com/repos/khadirsalh/lighthouse,42573088,lighthouse,"Auditing, performance metrics, and best practices for Progressive Web Apps",JavaScript,2018-03-31 23:53:50 UTC,33215041,false,1970-01-02 00:00:00 UTC,962288752
93393925,https://api.github.com/repos/luv16/examresult-display-service,42573607,examresult-display-service,,,2018-03-31 23:53:47 UTC,,false,1970-01-02 00:00:00 UTC,
93393927,https://api.github.com/repos/philliple0610/tic-tac-toe-1,38813403,tic-tac-toe-1,,HTML,2018-03-31 23:53:45 UTC,78156355,false,1970-01-02 00:00:00 UTC,962386120
93393926,https://api.github.com/repos/twistersfury/site,21379947,site,Documentation for Infection - PHP Mutation Testing Framework,JavaScript,2018-03-31 23:53:44 UTC,68409692,false,1970-01-02 00:00:00 UTC,957156944
93393924,https://api.github.com/repos/abatpa/blackjack,42573606,blackjack,,,2018-03-31 23:53:43 UTC,,false,1970-01-02 00:00:00 UTC,
93393928,https://api.github.com/repos/Pixely-Devices/vendor_pixely,42105126,vendor_pixely,Pixely-OS Vendor,,2018-03-31 23:53:43 UTC,,false,1970-01-02 00:00:00 UTC,
93393921,https://api.github.com/repos/marcelaldecoa/keras,31571906,keras,Deep Learning for humans,,2018-03-31 23:53:42 UTC,82978407,false,1970-01-02 00:00:00 UTC,962223095
93393922,https://api.github.com/repos/sashaxxd/yii-and-js.loc,35413186,yii-and-js.loc,,,2018-03-31 23:53:41 UTC,,false,1970-01-02 00:00:00 UTC,
93393923,https://api.github.com/repos/Ostapa/menger_sponge,31236046,menger_sponge,,,2018-03-31 23:53:38 UTC,,false,1970-01-02 00:00:00 UTC,
93393916,https://api.github.com/repos/SolarKing/node-lms,6423635,node-lms," A Learning Management System (LMS) that makes it easy to create a sequence of lessons or steps for a single course or assignment",JavaScript,2018-03-31 23:53:35 UTC,48635532,false,1970-01-02 00:00:00 UTC,653196503
93393915,https://api.github.com/repos/Black-Vampire/face_recognition,24129673,face_recognition,The world's simplest facial recognition api for Python and the command line,Python,2018-03-31 23:53:34 UTC,58981828,false,1970-01-02 00:00:00 UTC,953128574
93393919,https://api.github.com/repos/khadirsalh/frontend-nanodegree-styleguide,42573088,frontend-nanodegree-styleguide,Official FEND style guides,HTML,2018-03-31 23:53:33 UTC,12753694,false,1970-01-02 00:00:00 UTC,782723895
93393917,https://api.github.com/repos/KryptosToken/whitepapers,42573603,whitepapers,,,2018-03-31 23:53:32 UTC,,false,1970-01-02 00:00:00 UTC,
93393920,https://api.github.com/repos/zengzhangwei/SimpleApp,32590462,SimpleApp,自己开发多个app之后，自己总结的一些经验，全在这个里面,Java,2018-03-31 23:53:32 UTC,41836637,false,1970-01-02 00:00:00 UTC,494264652
93393912,https://api.github.com/repos/richmcateer/monitor,5167075,monitor,,,2018-03-31 23:53:27 UTC,,false,1970-01-02 00:00:00 UTC,
93393914,https://api.github.com/repos/DaZzXD/reeeeeeeeeeeeeee,42573602,reeeeeeeeeeeeeee,,,2018-03-31 23:53:27 UTC,,false,1970-01-02 00:00:00 UTC,
93393908,https://api.github.com/repos/riomyers/Whaleschool,1204746,Whaleschool,"The Whalepool fomo guide to the galaxy ",,2018-03-31 23:53:19 UTC,88411384,false,1970-01-02 00:00:00 UTC,914546127
93393909,https://api.github.com/repos/its-a-feature/Aggressor-Scripts,30688779,Aggressor-Scripts,Aggregation of Cobalt Strike's aggressor scripts.,PowerShell,2018-03-31 23:53:15 UTC,93379980,false,1970-01-02 00:00:00 UTC,962385936
93393907,https://api.github.com/repos/zdilarr/ComputerGraphics,40083264,ComputerGraphics,"Course focused on Ray Tracing ",,2018-03-31 23:53:11 UTC,,false,1970-01-02 00:00:00 UTC,
93393904,https://api.github.com/repos/Jahhein/SecLists,6987958,SecLists,"SecLists is the security tester's companion. It is a collection of multiple types of lists used during security assessments. List types include usernames, passwords, URLs, sensitive data grep strings, fuzzing payloads, and many more.",,2018-03-31 23:53:11 UTC,2547593,false,1970-01-02 00:00:00 UTC,955761872
93393906,https://api.github.com/repos/argarciajr/Hello-World,42573601,Hello-World,first github repo,,2018-03-31 23:53:11 UTC,,false,1970-01-02 00:00:00 UTC,
93393905,https://api.github.com/repos/sofocoding/springbootborrower,39009555,springbootborrower,,,2018-03-31 23:53:09 UTC,,false,1970-01-02 00:00:00 UTC,
